{"9": {"episode_reward": -1214.3417863930865, "avg_score": -1303.124344665203, "actor_loss": 57.13039306640625, "critic_loss": 34.81279521226883, "noise_scale": 0.01}, "10": {"episode_reward": -1154.7526043717749, "avg_score": -1312.3239150193901, "actor_loss": 62.42508518218994, "critic_loss": 35.65774577319622, "noise_scale": 0.01}, "11": {"episode_reward": -1145.6577099144893, "avg_score": -1293.3282982011092, "actor_loss": 66.99139322280884, "critic_loss": 41.996217252016066, "noise_scale": 0.01}, "12": {"episode_reward": -1303.5560182768224, "avg_score": -1285.8932384231389, "actor_loss": 71.6745320892334, "critic_loss": 56.901123299598694, "noise_scale": 0.01}, "13": {"episode_reward": -1284.8555138611257, "avg_score": -1274.6196427574018, "actor_loss": 76.61248676300049, "critic_loss": 58.65622245490551, "noise_scale": 0.01}, "14": {"episode_reward": -1111.9747824090255, "avg_score": -1215.0545265223075, "actor_loss": 80.70922931671143, "critic_loss": 60.20639868497849, "noise_scale": 0.01}, "15": {"episode_reward": -1017.2373537092279, "avg_score": -1203.9580075795195, "actor_loss": 84.50822238922119, "critic_loss": 76.27288682937622, "noise_scale": 0.01}, "16": {"episode_reward": -966.8043211317953, "avg_score": -1157.7276638349742, "actor_loss": 87.36449737548828, "critic_loss": 70.57944184839725, "noise_scale": 0.01}, "17": {"episode_reward": -943.9700710190237, "avg_score": -1123.3068396192416, "actor_loss": 90.56871417999268, "critic_loss": 64.90962687313557, "noise_scale": 0.01}, "18": {"episode_reward": -890.3010256545974, "avg_score": -1103.345118674097, "actor_loss": 92.89639862060547, "critic_loss": 78.7435476219654, "noise_scale": 0.01}, "19": {"episode_reward": -629.3056845724954, "avg_score": -1044.8415084920377, "actor_loss": 94.55435180664062, "critic_loss": 91.51363970220089, "noise_scale": 0.01}, "20": {"episode_reward": -744.748475134752, "avg_score": -1003.8410955683354, "actor_loss": 96.64287563323974, "critic_loss": 83.44932095766067, "noise_scale": 0.01}, "21": {"episode_reward": -505.0946397662425, "avg_score": -939.7847885535108, "actor_loss": 97.40067783355713, "critic_loss": 104.48234103560448, "noise_scale": 0.01}, "22": {"episode_reward": -756.3754387360094, "avg_score": -885.0667305994295, "actor_loss": 99.06217247009278, "critic_loss": 101.27636610269546, "noise_scale": 0.01}, "23": {"episode_reward": -632.3321102686172, "avg_score": -819.8143902401786, "actor_loss": 101.00360706329346, "critic_loss": 104.69087764143944, "noise_scale": 0.01}, "24": {"episode_reward": -965.6826837346066, "avg_score": -805.1851803727368, "actor_loss": 102.62516078948974, "critic_loss": 105.44095371484757, "noise_scale": 0.01}, "25": {"episode_reward": -991.249120683089, "avg_score": -802.5863570701229, "actor_loss": 104.38281902313233, "critic_loss": 98.3914789891243, "noise_scale": 0.01}, "26": {"episode_reward": -1051.2586458070891, "avg_score": -811.0317895376522, "actor_loss": 107.827106590271, "critic_loss": 117.75983873605728, "noise_scale": 0.01}, "27": {"episode_reward": -919.8683733409226, "avg_score": -808.6216197698421, "actor_loss": 109.69477874755859, "critic_loss": 117.13213042497635, "noise_scale": 0.01}, "28": {"episode_reward": -955.421157538421, "avg_score": -815.1336329582244, "actor_loss": 112.60132835388184, "critic_loss": 155.54769167661667, "noise_scale": 0.01}, "29": {"episode_reward": -704.107929677592, "avg_score": -822.6138574687342, "actor_loss": 114.78686794281006, "critic_loss": 151.95345106601715, "noise_scale": 0.01}, "30": {"episode_reward": -844.0262367487752, "avg_score": -832.5416336301365, "actor_loss": 117.38247230529785, "critic_loss": 136.8689889717102, "noise_scale": 0.01}, "31": {"episode_reward": -610.5041400929982, "avg_score": -843.0825836628121, "actor_loss": 118.54751087188721, "critic_loss": 177.22034052371978, "noise_scale": 0.01}, "32": {"episode_reward": -496.5815617768222, "avg_score": -817.1031959668933, "actor_loss": 118.93639045715332, "critic_loss": 148.7387037563324, "noise_scale": 0.01}, "33": {"episode_reward": -488.4049910444708, "avg_score": -802.7104840444788, "actor_loss": 120.54483642578126, "critic_loss": 164.3360926771164, "noise_scale": 0.01}, "34": {"episode_reward": -372.2002698085702, "avg_score": -743.362242651875, "actor_loss": 120.38835842132568, "critic_loss": 142.5596641921997, "noise_scale": 0.01}, "35": {"episode_reward": -617.1601444284278, "avg_score": -705.9533450264089, "actor_loss": 121.45841320037842, "critic_loss": 142.14808303833007, "noise_scale": 0.01}, "36": {"episode_reward": -239.85901594089972, "avg_score": -624.81338203979, "actor_loss": 121.21837474822998, "critic_loss": 154.65221377372742, "noise_scale": 0.01}, "37": {"episode_reward": -501.1822034476776, "avg_score": -582.9447650504654, "actor_loss": 121.5433186340332, "critic_loss": 170.81297213554382, "noise_scale": 0.01}, "38": {"episode_reward": -595.156151348441, "avg_score": -546.9182644314675, "actor_loss": 121.74890007019043, "critic_loss": 203.5265167093277, "noise_scale": 0.01}, "39": {"episode_reward": -372.6359527037414, "avg_score": -513.7710667340824, "actor_loss": 122.47500476837158, "critic_loss": 179.59167216777803, "noise_scale": 0.01}, "40": {"episode_reward": -125.66964601713728, "avg_score": -441.93540766091854, "actor_loss": 121.24643341064453, "critic_loss": 189.06016416549681, "noise_scale": 0.01}, "41": {"episode_reward": -630.4220498385569, "avg_score": -443.92719863547444, "actor_loss": 120.64263107299804, "critic_loss": 168.8535116147995, "noise_scale": 0.01}, "42": {"episode_reward": -244.55010646172852, "avg_score": -418.72405310396505, "actor_loss": 120.56300434112549, "critic_loss": 205.14323966503144, "noise_scale": 0.01}, "43": {"episode_reward": -252.91370384855142, "avg_score": -395.1749243843731, "actor_loss": 119.26765502929688, "critic_loss": 184.65254650115966, "noise_scale": 0.01}, "44": {"episode_reward": -365.23600715396304, "avg_score": -394.4784981189124, "actor_loss": 118.25311611175538, "critic_loss": 175.11278278827666, "noise_scale": 0.01}, "45": {"episode_reward": -244.21685492027208, "avg_score": -357.18416916809684, "actor_loss": 116.84225955963134, "critic_loss": 185.75415652751923, "noise_scale": 0.01}, "46": {"episode_reward": -375.05776531699496, "avg_score": -370.7040441057064, "actor_loss": 116.92544631958008, "critic_loss": 201.27752827167512, "noise_scale": 0.01}, "47": {"episode_reward": -253.89217694253688, "avg_score": -345.97504145519235, "actor_loss": 115.4903702545166, "critic_loss": 201.48901779174804, "noise_scale": 0.01}, "48": {"episode_reward": -785.3383109759736, "avg_score": -364.99325741794564, "actor_loss": 116.72651950836182, "critic_loss": 147.67271432876586, "noise_scale": 0.01}, "49": {"episode_reward": -715.2559455523889, "avg_score": -399.2552567028103, "actor_loss": 116.96830860137939, "critic_loss": 175.93295540332795, "noise_scale": 0.01}, "50": {"episode_reward": -129.62234415542233, "avg_score": -399.6505265166389, "actor_loss": 115.11252487182617, "critic_loss": 212.52661049842834, "noise_scale": 0.01}, "51": {"episode_reward": -127.04076222431313, "avg_score": -349.31239775521453, "actor_loss": 114.3878324508667, "critic_loss": 149.69971212863922, "noise_scale": 0.01}, "52": {"episode_reward": -707.5304513869509, "avg_score": -395.61043224773675, "actor_loss": 114.29484046936035, "critic_loss": 167.88461440086365, "noise_scale": 0.01}, "53": {"episode_reward": -358.4084612796977, "avg_score": -406.15990799085137, "actor_loss": 113.14914821624755, "critic_loss": 169.49390079259874, "noise_scale": 0.01}, "54": {"episode_reward": -240.14331164520425, "avg_score": -393.6506384399755, "actor_loss": 112.07789226531982, "critic_loss": 172.78271609306336, "noise_scale": 0.01}, "55": {"episode_reward": -246.71352240990944, "avg_score": -393.90030518893917, "actor_loss": 112.01534931182861, "critic_loss": 191.51837149620056, "noise_scale": 0.01}, "56": {"episode_reward": -490.53265841384297,